"Status","Name","Duration in ms","Description"
"passed","test_gddjlc.Testgddj#test_save","534","
            用例描述：环节1保存意见
        "
"passed","test_gddjlc.Testgddj#test_save","797","
            用例描述：环节1保存意见
        "
"passed","test_gddjlc.Testgddj#test_save","624","
            用例描述：环节1保存意见
        "
"passed","test_gddjlc.Testgddj#test_save","636","
            用例描述：环节1保存意见
        "
"passed","test_gddjlc.Testgddj#test_save","1117","
            用例描述：环节1保存意见
        "
"passed","test_gddjlc.Testgddj#test_save","537","
            用例描述：环节1保存意见
        "
"passed","test_gddjlc.Testgddj#test_save","612","
            用例描述：环节1保存意见
        "
"passed","test_gddjlc.Testgddj#test_createTask","1302","
            用例描述：发起流程
        "
"passed","test_gddjlc.Testgddj#test_save","500","
            用例描述：环节1保存意见
        "
"passed","test_gddjlc.Testgddj#test_save","548","
            用例描述：环节1保存意见
        "
"passed","test_gddjlc.Testgddj#test_save","646","
            用例描述：环节1保存意见
        "
"passed","test_gddjlc.Testgddj#test_save","697","
            用例描述：环节1保存意见
        "
"passed","test_gddjlc.Testgddj#test_save","511","
            用例描述：环节1保存意见
        "
"passed","test_gddjlc.Testgddj#test_save","839","
            用例描述：环节1保存意见
        "
"passed","test_gddjlc.Testgddj#test_save","558","
            用例描述：环节1保存意见
        "
"passed","test_gddjlc.Testgddj#test_save","574","
            用例描述：环节1保存意见
        "
"passed","test_gddjlc.Testgddj#test_save","793","
            用例描述：环节1保存意见
        "
"passed","test_gddjlc.Testgddj#test_save","858","
            用例描述：环节1保存意见
        "
"passed","test_gddjlc.Testgddj#test_save","519","
            用例描述：环节1保存意见
        "
"passed","test_gddjlc.Testgddj#test_save","558","
            用例描述：环节1保存意见
        "
"passed","test_gddjlc.Testgddj#test_save","544","
            用例描述：环节1保存意见
        "
"passed","test_gddjlc.Testgddj#test_save","549","
            用例描述：环节1保存意见
        "
"passed","test_gddjlc.Testgddj#test_save","504","
            用例描述：环节1保存意见
        "
"passed","test_gddjlc.Testgddj#test_save","558","
            用例描述：环节1保存意见
        "
"passed","test_gddjlc.Testgddj#test_save","636","
            用例描述：环节1保存意见
        "
"passed","test_gddjlc.Testgddj#test_save","516","
            用例描述：环节1保存意见
        "
"passed","test_gddjlc.Testgddj#test_save","638","
            用例描述：环节1保存意见
        "
"passed","test_gddjlc.Testgddj#test_save","701","
            用例描述：环节1保存意见
        "
"passed","test_gddjlc.Testgddj#test_save","541","
            用例描述：环节1保存意见
        "
"passed","test_gddjlc.Testgddj#test_save","520","
            用例描述：环节1保存意见
        "
"passed","test_gddjlc.Testgddj#test_save","998","
            用例描述：环节1保存意见
        "
"passed","test_gddjlc.Testgddj#test_save","564","
            用例描述：环节1保存意见
        "
"passed","test_gddjlc.Testgddj#test_save","504","
            用例描述：环节1保存意见
        "
